WMO,Serial,IMEI,Model,Asset,Datestring,Time,Latitude,Longitude,Scientist,Ship,Lab/Department,Comment
4901176,SN016,300034013951150,NOVA-CTD,,2012/05/29,3:57,49.3511,-134.5971,Marie Robert,CCGS John P. Tully - CG2958,IOS,"Stopped after 7 profiles; Has two entries in Joubeh Assets management because of early testing. Was on 2012-02 cruise with SN017, but was not deployed because of problems with SN 017. Was sent back to MetOcean for reprogramming."
4901177,SN017,300034013952150,NOVA-CTD,,2012/02/15,17:03,50.0187,-144.9638,Marie Robert,CCGS John P. Tully - CG2958,IOS,First NOVA float ever deployed by Argo Canada; Sank like a rock! An OTA (Over the air command) had been sent before the cruise to change a parameter. This caused the problem.
4901178,SN018,300034013956120,NOVA-CTD,,2012/07/07,9:01,47.6130,-138.1710,Svein Vagle,CCGS Laurier - CGJK,IOS,
4901179,SN019,300034013854520,NOVA-CTD,,2012/07/08,8:27,47.2940,-144.0510,Svein Vagle,CCGS Laurier - CGJK,IOS,
4901180,SN020,300034013852540,NOVA-CTD,,2012/07/09,0:39,47.5430,-147.9280,Svein Vagle,CCGS Laurier - CGJK,IOS,
4901181,SN021,300034013859520,NOVA-CTD,,2012/07/10,2:10,50.2240,-152.9870,Svein Vagle,CCGS Laurier - CGJK,IOS,Stopped after 3 profiles
4901182,SN022,300034013953150,NOVA-CTD,,2012/07/10,10:57,51.1510,-154.9910,Svein Vagle,CCGS Laurier - CGJK,IOS,Stopped after 8 profiles
4901183,SN023,300034013856520,NOVA-CTD,,2012/07/10,19:29,52.0060,-156.9880,Svein Vagle,CCGS Laurier - CGJK,IOS,
4901184,SN024,300034013954150,NOVA-CTD,,2012/07/09,15:03,49.2150,-150.9880,Svein Vagle,CCGS Laurier - CGJK,IOS,No data
4901185,SN025,300034013955150,NOVA-CTD,,2012/07/07,20:48,47.5130,-141.1120,Svein Vagle,CCGS Laurier - CGJK,IOS,
4901186,SN026,300034013958140,NOVA-CTD,,2012/07/08,19:46,47.0000,-146.9980,Svein Vagle,CCGS Laurier - CGJK,IOS,
4901187,SN027,300034013956150,NOVA-CTD,,2012/07/06,9:57,47.7030,-132.2980,Svein Vagle,CCGS Laurier - CGJK,IOS,
4901188,SN028,300034013858520,NOVA-CTD,,2012/07/09,5:59,48.1320,-148.9810,Svein Vagle,CCGS Laurier - CGJK,IOS,
4901189,SN029,300034013857520,NOVA-CTD,,2012/07/06,14:05,48.0201,-129.9233,Svein Vagle,CCGS Laurier - CGJK,IOS,"This float immediatetly went into EOL because of a launch just before midnight (software bug). Mission had to be restarted using an OTA command. The time and (LAT, LONG) of deployment were taken from file SN029_HK_2012-07-06_14-05-39.csv"
4901190,SN030,300034013852530,NOVA-CTD,,2012/07/06,21:30,47.7080,-135.2240,Svein Vagle,CCGS Laurier - CGJK,IOS,
4901191,SN031,300034013855530,NOVA-CTD,,2012/05/31,15:10,49.6340,-139.6693,Marie Robert,CCGS John P. Tully - CG2958,IOS,
4901192,SN032,300034013858530,NOVA-CTD,,2012/06/09,9:09,58.6392,-50.4167,Bob Ryan/Igor Yashayaev,Martha L. Black - CGCC,BIO,
4901193,SN033,300034013859530,NOVA-CTD,,2012/06/08,16:58,57.8002,-51.3522,Rick Boyce/Igor Yashayaev,Martha L. Black - CGCC,BIO,
4901194,SN034,300034013853530,NOVA-CTD,,2012/06/06,22:39,55.8477,-53.3927,Rick Boyce/Igor Yashayaev,Martha L. Black - CGCC,BIO,"Stopped after 4 profiles. Initial SBD email message is missing from Argo Canada email accounts due to inactive status @ Joubeh. However, the Housekeeping message in available on the Joubeh back-office."
4901195,SN035,300034013854530,NOVA-CTD,,2012/06/07,20:25,56.5792,-52.6340,Rick Boyce/Igor Yashayaev,Martha L. Black - CGCC,BIO,
4901196,SN036,300034013850540,NOVA-CTD,,2012/09/28,23:49,41.0075,-60.4445,Bob Ryan / Ed Horne,CCGS Hudson,BIO,Died after 24 profiles
4901197,SN037,300034013850530,NOVA-CTD,,2012/06/09,2:29,58.2157,-50.8795,Bob Ryan/Igor Yashayaev,Martha L. Black - CGCC,BIO,Initial SBD email message not received. This float never returned any data.
4901198,SN038,300034013856530,NOVA-CTD,,2012/06/08,4:32,56.9565,-52.2390,Bob Ryan/Igor Yashayaev,Martha L. Black - CGCC,BIO,
4901199,SN039,300034013855520,NOVA-CTD,,2012/09/28,11:38,41.3417,-60.7364,Adam Hartling / Ed Horne,CCGS Hudson,BIO,"No good profiles since 09/02/2015, needs to be deactivated"
4901200,SN040,300034013857530,NOVA-CTD,,2012/06/08,10:22,57.3756,-51.7917,Rick Boyce/Igor Yashayaev,Martha L. Black - CGCC,BIO,
4901201,SN041,300034013851540,NOVA-CTD,,2012/09/28,7:50,41.7671,-60.8956,Bob Ryan / Ed Horne,CCGS Hudson,BIO,
4901202,SN042,300034013851530,NOVA-CTD,,2012/06/09,21:29,59.4831,-49.3736,Rick Boyce/Igor Yashayaev,Martha L. Black - CGCC,BIO,
4901729,SN058,300034013057040,NOVA-CTD,0056403,2013/07/06,15:55,50.9300,-132.9960,Svein Vagle,CCGS Sir Wilfrid Laurier,IOS,
4901730,SN059,300234060203290,NOVA-CTD,0056404,2013/07/07,3:15,51.5830,-136.0830,Svein Vagle,CCGS Sir Wilfrid Laurier,IOS,
4901731,SN060,300234060209280,NOVA-CTD,0056405,2013/02/10,17:27,49.4350,-136.6703,Marie Robert,CCGS John P. Tully - CG2958,IOS,
4901732,SN061,300234060103710,NOVA-CTD,0056406,2013/02/12,23:41,50.0680,-145.0832,Marie Robert,CCGS John P. Tully - CG2958,IOS,
4901203,SN062,300234060207270,NOVA-CTD,0056407,2013/02/08,22:23,48.9713,-130.6660,Marie Robert,CCGS John P. Tully - CG2958,IOS,Premature death after 6 profiles
4901733,SN063,300234060724870,NOVA-CTD,0056425,2013/07/08,0:30,52.6450,-142.0180,Svein Vagle,CCGS Sir Wilfrid Laurier,IOS,
4901734,SN064,300234011093790,NOVA-CTD,0056426,2013/07/08,9:15,53.0770,-144.5020,Svein Vagle,CCGS Sir Wilfrid Laurier,IOS,
4901735,SN065,300234060101670,NOVA-CTD,0056427,2013/07/08,17:35,53.3382,-145.0368,Svein Vagle,CCGS Sir Wilfrid Laurier,IOS,
4901736,SN066,300234060102690,NOVA-CTD,0056428,2013/07/09,2:10,53.5624,-148.4614,Svein Vagle,CCGS Sir Wilfrid Laurier,IOS,
4901737,SN067,300234060208260,NOVA-CTD,0056429,2013/07/09,14:50,53.8981,-152.5043,Svein Vagle,CCGS Sir Wilfrid Laurier,IOS,
4901738,SN068,300234060105690,NOVA-CTD,0056430,2013/07/09,23:16,54.0358,-154.0192,Svein Vagle,CCGS Sir Wilfrid Laurier,IOS,
4901739,SN069,300234060209270,NOVA-CTD,0056431,2013/06/10,5:53,48.8140,-128.6410,Doug Yelland,CCGS John P. Tully - CG2958,IOS,
4901740,SN070,300234060720940,NOVA-CTD,0056432,2013/06/11,1:23,48.9670,-130.6180,Doug Yelland,CCGS John P. Tully - CG2958,IOS,
4901741,SN071,300234060101690,NOVA-CTD,0056433,2013/06/12,21:19,49.2637,-134.6167,Doug Yelland,CCGS John P. Tully - CG2958,IOS,
4901742,SN072,300234060104840,NOVA-CTD,0056434,2014/02/13,20:49,48.9068,-129.7137,Doug Yelland,CCGS John P. Tully - CG2958,IOS,
4901743,SN073,300234060109710,NOVA-CTD,0056411,2013/05/26,1:28,40.1619,-59.5695,Rick Boyce and Randy King,CCGS Hudson,BIO,"Deployment metadata (lat, long, date & time) were taken from file SN073_HK_2013-05-26_01-27-37.csv. This float entered End-Of-Life mode upon deployment, sending HK messages every 30 minutes during many hours. An OTA command setting the parking pressure to 1000 db caused it to sink. But cycling period was wrongly set to 1 day. A second OTA command caused a reset of the sampling period to 10 days on May 27."
4901744,SN074,300234060100680,NOVA-CTD,0056412,2013/05/13,22:24,56.9761,-52.2581,Rick Boyce and Randy King,CCGS Hudson,BIO,
4901745,SN075,300234060200690,NOVA-CTD,0056413,2013/05/24,13:12,39.7422,-59.5360,Rick Boyce and Randy King,CCGS Hudson,BIO,
4901746,SN076,300234060205270,NOVA-CTD,0056414,2013/05/15,6:04,58.6453,-50.3971,Bob Ryan,CCGS Hudson,BIO,
4901747,SN077,300234060204690,NOVA-CTD,0056415,2013/05/18,15:22,57.9959,-51.0893,Rick Boyce and Randy King,CCGS Hudson,BIO,
4901748,SN078,300234060107820,NOVA-CTD,0056416,2013/05/15,0:13,58.2524,-50.7994,Rick Boyce,CCGS Hudson,BIO,
4901749,SN079,300234060109840,NOVA-CTD,0056417,2013/05/25,23:49,41.7960,-60.9410,Rick Boyce,CCGS Hudson,BIO,"Magnet was accidentally removed on CCGS Hudson. Rick Boyce used NOVA GUI to empty internal oil reservoir, making this float fit for deployment during current cruise."
4901750,SN080,300234060204270,NOVA-CTD,0056418,2013/05/19,2:37,57.1672,-52.0020,Rick Boyce and Randy King,CCGS Hudson,BIO,Grounded at end
4901751,SN081,300234060108830,NOVA-CTD,0056419,2013/05/13,8:13,56.1514,-53.1302,Randy King / Bob Ryan,CCGS Hudson,BIO,
4901752,SN082,300234060201280,NOVA-CTD,0056420,2013/05/14,14:04,57.3935,-51.7782,Bob Ryan,CCGS Hudson,BIO,"Returned a first ascent profile 5 months later, on October 8"
4901753,SN083,300234060109680,NOVA-CTD,0056421,2013/05/14,16:55,57.8067,-51.3235,Rick Boyce / Randy King,CCGS Hudson,BIO,
4901754,SN084,300234060107690,NOVA-CTD,0056422,2013/05/14,8:02,57.5955,-51.5633,Bob Ryan,CCGS Hudson,BIO,
4901755,SN085,300234011116060,NOVA-CTD,0056423,2013/05/25,5:35,40.6347,-60.1520,Bob Ryan,CCGS Hudson,BIO,
4901756,SN086,300234060103690,NOVA-CTD,0056424,2013/05/25,11:12,41.0264,-60.4287,Randy King,CCGS Hudson,BIO,
4901757,SN087,300234060541180,NOVA-CTD,,2013/10/02,9:42,44.2436,-55.8574,Andrew Cogswell,CCGS Hudson,BIO,
4901758,SN088,300234060532350,NOVA-CTD,,2013/10/02,2:50,43.7247,-55.8144,Dave Hebert,CCGS Hudson,BIO,
4901759,SN089,300234060442610,NOVA-CTD,,2013/05/13,1:05,55.8331,-53.4603,Rick Boyce / Randy King,CCGS Hudson,BIO,
4901760,SN090,300234060848860,NOVA-CTD,,2013/09/27,5:55,43.7833,-57.8137,Dave Hebert / Adam Hartling,CCGS Hudson,BIO,
4901761,SN091,300234060841870,NOVA-CTD,,2013/09/26,18:23,43.4714,-57.5198,Dave Hebert / Adam Hartling,CCGS Hudson,BIO,Returned a single profile (day 0)
4901762,SN119,300234060297450,NOVA-CTD,6042827,2014/08/14,0:41,56.6044,-52.6518,Johannes Karstensen,Thalassa (callsign FNFP),BIO,Deploying country: Germany
4901763,SN120,300234060594240,NOVA-CTD,6042826,2014/04/17,3:27,43.7814,-57.8401,Andrew Cogswell,CCGS Hudson,BIO,
4901764,SN121,300234060592250,NOVA-CTD,6042825,2014/04/17,20:13,43.4725,-57.5316,Andrew Cogswell,CCGS Hudson,BIO,
4901765,SN122,300234060594250,NOVA-CTD,6042824,2014/04/16,13:21,41.7881,-60.9045,Andrew Cogswell,CCGS Hudson,BIO,
4901766,SN123,300234060599240,NOVA-CTD,2017032,2014/02/20,4:36,49.9948,-144.9888,Doug Yelland,CCGS John P. Tully - CG2958,IOS,
4901767,SN124,300234060592260,NOVA-CTD,2017033,2014/02/14,22:25,49.1847,-133.6807,Doug Yelland,CCGS John P. Tully - CG2958,IOS,
4901768,SN125,300234060597230,NOVA-CTD,2017034,2014/08/22,0:40,48.7800,-128.1700,Marie Robert,CCGS John P. Tully - CG2958,IOS,Stayed at the surface 28/03/2020; deactivated 29/03/2020
4901769,SN126,300234060591250,NOVA-CTD,2017035,2014/02/22,10:50,49.0422,-131.6618,Doug Yelland,CCGS John P. Tully - CG2958,IOS,
4901770,300025010921720,300025010921720,POPS,6042942,2014/09/22,14:00,73.9900,-148.4300,Keith L�vesque,CCGS Amundsen,Arcticnet (ULaval?),"Deployed in open water, Stopped working on 19 Oct 2014 (26 days, 23 profiles, as the ice was forming in this area"
4901771,300025010731800,300025010731800,POPS,6042943,2015/09/14,11:00,76.9500,-140.6800,Lauren Candlish,CCGS Amundsen,Arcticnet (U of Manitoba),"Deployed in open water, Stopped working on 08 Oct 2015 (26 days, 15 profiles)"
4901772,SN188,300234062925670,NOVA-CTD,0056556,2015/07/05,12:32,46.7900,-131.3300,Svein Vagle,CCGS Wilfred Laurier IOS2015-07,IOS,Suspended 02/10/2019
4901773,SN189,300234062924670,NOVA-CTD,,2015/07/08,11:57,48.2700,-150.1600,Svein Vagle,CCGS Wilfred Laurier IOS2015-07,IOS,"Oil leak from bladder, repaired by MetOcean. Stayed at surface after 1 profile, replaced by SN316"
4901774,SN190,300234062929660,NOVA-CTD,0056558,2015/07/07,2:25,47.5800,-141.4300,Svein Vagle,CCGS Wilfred Laurier IOS2015-07,IOS,
4901775,SN191,300234062928680,NOVA-CTD,0056559,2016/02/14,4:30,49.5021,-137.6710,Doug Yelland,CCGS John P. Tully - IOS2016-01,IOS,
4901776,SN192,300234062927690,NOVA-CTD,0056560,2015/07/06,6:56,47.2900,-136.0800,Svein Vagle,CCGS Wilfred Laurier IOS2015-07,IOS,Suspended 17/04/2019
4901777,SN193,300234062929690,NOVA-CTD,0056561,2015/07/09,1:45,48.5000,-153.9000,Svein Vagle,CCGS Wilfred Laurier IOS2015-07,IOS,
4901778,SN194,300234062557630,NOVA-CTD,,2015/04/20,20:51,42.4749,-61.4340,Andrew Cogswell,CCGS Hudson HUD2015004,BIO,"Stayed at surface after 14 profiles, replaced by SN315"
4901779,SN195,300234062458680,DOVA,0056563,2015/05/14,23:03,56.3234,-52.8996,Jay Barthelotte,CCGS Hudson HUD2015006,BIO,
4901780,SN196,300234062451690,DOVA,0056564,2015/05/14,15:23,56.9411,-52.1978,Jay Barthelotte,CCGS Hudson HUD2015006,BIO,
4901781,SN197,300234062550640,DOVA,,2015/05/09,21:33,57.3874,-51.7907,Jay Barthelotte,CCGS Hudson HUD2015006,BIO,"Stayed at surface after 1 profile, replaced by SN277"
4901782,SN198,300234062450690,DOVA,0056566,2015/05/09,12:26,56.5529,-52.6681,Jay Barthelotte,CCGS Hudson HUD2015006,BIO,"No Bluetooth, repaired by MetOcean"
4901783,SN199,300234062445600,NOVA-CTD,,2015/05/14,5:16,57.5766,-51.5797,Terry Cormier,CCGS Hudson HUD2015006,UVIC/BIO,"Oil leak from bladder, repaired by MetOcean"
4901784,SN200,300234062441600,DOVA,,2015/07/05,2:01,46.5000,-129.0000,Svein Vagle,CCGS Wilfred Laurier IOS2015-07,IOS,
4901785,SN201,300234062440600,DOVA,,2015/07/05,21:14,47.0600,-133.5300,Svein Vagle,CCGS Wilfred Laurier IOS2015-07,IOS,To be replaced
4901786,SN202,300234062444590,DOVA,,2016/02/16,23:35,49.9962,-144.3140,Doug Yelland,CCGS John P. Tully - IOS2016-01,IOS,"Didn't transmit during first test (no clear view?), later test with Paul Lane successful"
4901787,SN203,300234062727350,NOVA-CTD,,2015/11/22,7:05,41.6900,-48.9523,Eugene Colbourne/Lewis Bailey,CCGS Hudson HUD2015035,DND,
4901788,SN204,300234062727330,NOVA-CTD,,2015/11/21,20:32,42.3900,-49.5117,Senciall/Snook/Colbourne,CCGS Hudson HUD2015035,DND,
4901789,SN205,300234062721360,NOVA-CTD,,2015/06/02,15:30,48.8111,-68.2366,"Daniel Bourgault, chief scientist on Coriolis II",Coriolis II,DND,DND agreed to loan on condition that it be replaced
4901790,SN206,300234062724350,DOVA,0056570,2015/07/06,17:00,47.4600,-138.8300,Svein Vagle,CCGS Wilfred Laurier IOS2015-07,IOS,
4901791,SN207,300234062723320,DOVA,0056569,2015/07/09,11:16,49.0000,-156.2800,Svein Vagle,CCGS Wilfred Laurier IOS2015-07,IOS,
4901792,SN208,300234062724320,NOVA-CTD,2016860,2015/11/28,23:00,-47.4200,146.4200,Craig Hanstein,"L'Astrolabe, R1",CSIRO,
4901793,SN209,300234062728360,NOVA-CTD,2016861,2015/11/29,4:20,-48.4400,146.3100,Craig Hanstein,"L'Astrolabe, R1",CSIRO,Replaced by SN447
4901794,SN210,300234062729350,NOVA-CTD,2016862,2015/11/29,9:23,-49.4100,146.2100,Craig Hanstein,"L'Astrolabe, R1",CSIRO,
4901795,SN211,300234062959310,NOVA-CTD,,2015/07/07,11:44,47.7700,-143.9700,Svein Vagle,CCGS Wilfred Laurier IOS2015-07,IOS,
4901796,SN212,300234062957320,NOVA-CTD,,2015/07/08,3:19,48.0900,-148.0000,Svein Vagle,CCGS Wilfred Laurier IOS2015-07,IOS,"Surfaced after 0 profiles, replaced by SN317"
4901797,SN213,300234062950330,NOVA-CTD,,2015/07/09,20:41,49.6700,-158.5700,Svein Vagle,CCGS Wilfred Laurier IOS2015-07,IOS,
4901798,SN214,300234062957330,NOVA-CTD,0056571,2015/04/20,14:56,42.4750,-61.4335,Andrew Cogswell,CCGS Hudson HUD2015004,BIO,
4901799,SN215,300234062952340,NOVA-CTD,,2015/04/23,20:41,43.4862,-57.4965,Andrew Cogswell,CCGS Hudson HUD2015004,BIO,"Surfaced after 1 profile, replaced by SN276"
4901800,SN216,300234062954320,NOVA-CTD,0056573,2015/04/24,2:30,43.7888,-57.8363,Andrew Cogswell,CCGS Hudson HUD2015004,BIO,"Grounded on several profiles, MetOcean would not replace"
4901801,,,PROVOR_IV,,2016/06/07,,58.5600,-52.8400,Marcel Babin,CCGS Amundsen,TAKUVIK,"Ice detection sensor. To be deployed in Baffin Bay, 2016?"
4901802,,,PROVOR_IV,,2016/07/09,,69.5000,-61.0100,Marcel Babin,CCGS Amundsen,TAKUVIK,"Ice detection sensor. To be deployed in Baffin Bay, 2016?"
4901803,,,PROVOR_IV,,2016/07/09,,69.3200,-60.9800,Marcel Babin,CCGS Amundsen,TAKUVIK,"Ice detection sensor. To be deployed in Baffin Bay, 2016?"
4901804,,,PROVOR_IV,,2017/07/20,,69.3800,-60.4300,Marcel Babin,CCGS Amundsen,TAKUVIK,"Ice detection sensor. To be deployed in Baffin Bay, 2016?"
4901805,,,PROVOR_IV,,2017/07/20,,69.3700,-60.4500,Marcel Babin,CCGS Amundsen,TAKUVIK,"Ice detection sensor. To be deployed in Baffin Bay, 2016?"
4901806,,,PROVOR_IV,,2019/07,,,,Marcel Babin,,TAKUVIK,"Ice detection sensor. To be deployed in Baffin Bay, 2016?"
4901807,SN276,300234063602420,NOVA-CTD,0056572,2015/11/18,8:26,44.0733,-54.7817,Eugene Colbourne/Lewis Bailey,CCGS Hudson HUD2015035,BIO,"Replacement for SN215, Built after addressing corrosion problem, surfaced on 17/07/2016, transmitting every 5 minutes, needs to be deactivated"
4901808,SN277,300234062886810,DOVA,0056565,2015/11/22,2:16,42.0993,-49.2213,Senciall/Snook,CCGS Hudson HUD2015035,BIO,"Replacement for SN197, Built after addressing corrosion problem, 1st HK message (IV=802 too high?), no profile, replaced by SN415"
4901809,SN315,300234063537830,NOVA-CTD,0056562,2016/05/14,7:53,57.3784,-51.7709,Yashayaev,CCGS Hudson HUD2016006,BIO,Replacement for SN194
4901810,SN316,300234063536840,NOVA-CTD,0056557,2016/02/12,20:26,49.2013,-133.6707,Doug Yelland,CCGS John P. Tully - IOS2016-01,IOS,"Replacement for SN189, no profile data, to be replaced"
4901811,SN317,300234063532940,NOVA-CTD,,2016/02/13,15:24,49.3500,-135.6667,Doug Yelland,CCGS John P. Tully - IOS2016-01,IOS,"Replacement for SN212, no profile data, to be replaced"
4901812,SN318,300234063539840,NOVA-CTD,,2016/04/23,11:28,43.7748,-57.8445,Dave Hebert,CCGS Hudson HUD2016003,DND,Grounded on 2 profiles
4901813,SN319,300234063535820,NOVA-CTD,,2016/04/23,11:24,43.7740,-57.8453,Dave Hebert,CCGS Hudson HUD2016003,DND,
4901814,SN320,300234063532840,NOVA-CTD,,2016/05/22,3:02,42.0343,-61.0679,Yashayaev/Terry Cormier,CCGS Hudson HUD2016006,DND,
4901815,SN321,300234063537950,NOVA-CTD,,2016/05/21,5:36,41.4253,-60.6613,Yashayaev/Terry Cormier,CCGS Hudson HUD2016006,DND,
4901816,SN322,300234063537940,NOVA-CTD,,2016/05/21,14:28,41.8289,-60.8921,Yashayaev/Terry Cormier,CCGS Hudson HUD2016006,DND,
4901817,SN323,300234063535940,NOVA-CTD,,2016/05/08,11:57,56.1239,-53.1207,Roberta Hamme,CCGS Hudson HUD2016006,UVIC/BIO,
4901818,SN324,300234063538820,NOVA-CTD,6038011,2016/07/03,17:11,49.6768,-128.3720,Svein Vagle,CCGS Sir Wilfrid Laurier IOS2016-017,IOS,
4901819,SN325,300234063530970,NOVA-CTD,6038010,2016/07/07,2:23,53.4488,-147.4410,Svein Vagle,CCGS Sir Wilfrid Laurier IOS2016-017,IOS,Replaced by SN542
4901820,SN326,300234063531830,NOVA-CTD,6038009,2016/07/05,2:22,51.4879,-135.1023,Svein Vagle,CCGS Sir Wilfrid Laurier IOS2016-017,IOS,
4901821,SN327,300234063538880,NOVA-CTD,6038008,2016/07/04,17:28,50.9288,-132.8981,Svein Vagle,CCGS Sir Wilfrid Laurier IOS2016-017,IOS,No first HK message
4901822,SN328,300234063736580,NOVA-CTD,6038007,2016/07/08,1:13,53.9593,-153.9382,Svein Vagle,CCGS Sir Wilfrid Laurier IOS2016-017,IOS,No first HK message
4901823,SN329,300234063732300,NOVA-CTD,6038006,2016/06/13,5:05,49.8400,-142.6700,Doug Yelland,CCGS John P. Tully - IOS2016-006,IOS,No first HK message
4901824,SN330,300234063736190,NOVA-CTD,6038005,2016/06/10,16:01,49.2800,-134.6700,Doug Yelland,CCGS John P. Tully - IOS2016-006,IOS,"No first HK message, bad drift after cycle 18"
4901825,SN331,300234063731340,NOVA-CTD,6038004,2016/07/07,16:29,53.8181,-151.3245,Svein Vagle,CCGS Sir Wilfrid Laurier IOS2016-017,IOS,
4901826,SN332,300234063731310,NOVA-CTD,6038003,2016/06/11,23:20,49.5665,-138.6590,Doug Yelland,CCGS John P. Tully - IOS2016-006,IOS,"Stayed at surface, deactivated 2021/05/28"
4901827,SN333,300234063984130,NOVA-CTD,6038020,2016/08/08,22:46,41.7006,-62.1552,Yashayaev,CCGS Hudson HUD2016019,BIO,"No first HK message, stayed at surface (09/2018), suspended"
4901828,SN334,300234063982160,NOVA-CTD,6038019,2016/11/20,2:15,42.4056,-49.5024,Colbourne,CCGS Hudson HUD2016034,BIO,Grounded over western Grand Bank
4902381,SN335,300234063989150,NOVA-CTD,6038018,2016/11/20,9:23,42.0833,-49.2610,Colbourne,CCGS Hudson HUD2016034,BIO,"Stayed at surface, suspended"
4902382,SN336,300234063989160,NOVA-CTD,6038017,2016/11/20,15:03,41.7167,-48.9413,Colbourne,CCGS Hudson HUD2016034,BIO,"Stayed at surface (27/12/2018), suspended"
4902383,SN337,300234063989130,DOVA,6038015,2016/05/08,22:06,56.5487,-52.7102,Yashayaev,CCGS Hudson HUD2016006,BIO,
4902384,SN338,300234063982140,DOVA,6038014,2016/05/13,6:48,58.6378,-50.4353,Yashayaev,CCGS Hudson HUD2016006,BIO,"Stayed at surface (day 179), replaced by SN462"
4902385,SN339,300234063985150,DOVA,6038013,2016/05/09,8:01,56.9664,-52.2827,Yashayaev,CCGS Hudson HUD2016006,BIO,"First HK message sent, no first profile, replaced by SN445"
4902386,SN340,300234063988140,DOVA,6038012,2016/05/14,3:59,57.5883,-51.5620,Yashayaev,CCGS Hudson HUD2016006,BIO,"Failed after 2 profiles, replaced by SN446"
4902387,SN341,300234063983390,NAMI,6038016,2016/05/08,17:22,56.3269,-52.9040,Yashayaev,CCGS Hudson HUD2016006,BIO,"Stayed at surface, replaced by SN465"
4902388,SN372,300234063988340,NOVA-CTD,6038002,2016/06/08,15:40,48.8905,-129.6740,Doug Yelland,CCGS John P. Tully - IOS2016-006,IOS,
4902389,SN373,300234063982350,NOVA-CTD,6038001,2016/06/11,3:57,49.4372,-136.6690,Doug Yelland,CCGS John P. Tully - IOS2016-006,IOS,"Problem on 18/10/2016, then recovered"
4902390,SN415,300234064425990,DOVA,0056565,2017/09/09,21:48,44.0932,-54.6400,Erica Rogers,HMCS Montreal,BIO,Replacement for SN 277
4902391,SN427,300234064943910,NOVA-CTD,6042149,2017/04/26,4:46,43.4684,-57.5234,Kevin MacIsaac,Coriolis II COR2017-001,BIO,"Stayed at surface (16/05/2019), suspended"
4902392,SN428,300234064948900,NOVA-CTD,6042148,2017/04/26,4:51,43.4681,-57.5222,Kevin MacIsaac,Coriolis II COR2017-001,BIO,
4902393,SN429,300234064943920,NOVA-CTD,6042147,2017/04/22,4:39,42.4776,-61.4280,Kevin MacIsaac,Coriolis II COR2017-001,BIO,No first HK message
4902394,SN430,300234064940920,NOVA-CTD,6042146,2017/04/22,4:43,42.4782,-61.4269,Kevin MacIsaac,Coriolis II COR2017-001,BIO,No first HK message
4902395,SN431,300234064948910,NOVA-CTD,6042145,2017/10/03,20:24,58.9499,-54.4897,Yashayaev,CCGS�Des Groseilliers,BIO,
4902396,SN432,300234064949910,NOVA-CTD,6042144,2017/10/04,11:02,57.5942,-52.6133,Yashayaev,CCGS�Des Groseilliers,BIO,"Stayed at surface, transmitting every 5 minutes"
4902397,SN433,300234064948960,NOVA-CTD,6042143,2017/10/03,17:50,58.7709,-55.7111,Yashayaev,CCGS�Des Groseilliers,BIO,
4902398,SN434,300234064942960,NOVA-CTD,6042142,2017/09/10,17:52,45.0012,-46.9415,Erica Rogers,HMCS Montreal,BIO,
4902399,SN435,300234064943960,NOVA-CTD,6042141,2017/09/10,22:35,45.0040,-45.1985,Erica Rogers,HMCS Montreal,BIO,
4902400,SN436,300234064941960,NOVA-CTD,6042140,2017/10/04,6:17,58.0218,-52.8707,Yashayaev,CCGS�Des Groseilliers,BIO,
4902401,SN437,300234063563830,NOVA-CTD,6042157,2017/02/12,18:27,50.0015,-145.0000,Doug Yelland,CCGS John P. Tully - IOS2017-01,IOS,
4902402,SN438,300234063560840,NOVA-CTD,6042156,2017/02/18,3:13,48.8178,-128.6727,Doug Yelland,CCGS John P. Tully - IOS2017-01,IOS,"Stayed at surface, deactivated 2021/04/20"
4902403,SN439,300234063565840,NOVA-CTD,6042155,2017/02/16,4:36,49.2824,-134.6623,Doug Yelland,CCGS John P. Tully - IOS2017-01,IOS,
4902404,SN440,300234064942870,NOVA-CTD,6042154,2017/07/08,16:35,53.7029,-150.0580,Svein Vagle,CCGS Sir Wilfrid Laurier PAC2017-93,IOS,
4902405,SN441,300234064941890,NOVA-CTD,6042153,2017/06/10,19:57,49.5767,-138.6770,Doug Yelland,CCGS John P. Tully - PAC2017-06,IOS,"Sent first HK message, no profile, replaced by SN 543"
4902406,SN442,300234064946880,NOVA-CTD,6042152,2017/07/05,3:02,`,-128.2610,Svein Vagle,CCGS Sir Wilfrid Laurier PAC2017-93,IOS,
4902407,SN443,300234064943870,NOVA-CTD,6042151,2017/06/06,21:30,48.7428,-127.6670,Doug Yelland,CCGS John P. Tully - PAC2017-06,IOS,"Stayed at surface, deactivated 2019/08/01"
4902408,SN444,300234064945890,NOVA-CTD,6042150,2017/07/08,1:52,53.2519,-145.8330,Svein Vagle,CCGS Sir Wilfrid Laurier PAC2017-93,IOS,
4902409,SN445,300234063565810,DOVA,6038013,2017/10/04,1:25,58.6050,-53.6317,Yashayaev,CCGS�Des Groseilliers,BIO,Replacement for SN339
4902410,SN446,300234063564830,DOVA,6038012,2017/10/04,8:39,57.9670,-51.7423,Yashayaev,CCGS�Des Groseilliers,BIO,"Replacement for SN340, low IV value during testing, sent back to MetOcean for repair, sending top 450 m"
4902411,SN447,300234063567830,NOVA-CTD,2016861,2017/02/15,8:46,49.4344,-136.6986,Doug Yelland,CCGS John P. Tully - IOS2017-01,IOS,Replacement for SN209
4902412,SN448,300234063569820,NOVA-CTD,,2017/08/11,9:05,57.4572,-53.5676,Erica Rogers,HMCS Kingston,DND,"Stayed at surface, transitting every 5 minutes"
4902413,SN449,300234063567840,NOVA-CTD,,2017/10/04,3:50,58.0761,-54.0077,Yashayaev,CCGS�Des Groseilliers,DND,
4902414,SN450,300234063566520,DOVA,,2017/06/08,7:33,48.9708,-130.6670,Doug Yelland,CCGS John P. Tully - PAC2017-06,IOS,Replacement for SN201
4902415,SN451,300234064777020,NOVA-CTD,,2017/10/03,23:08,59.1283,-53.2551,Yashayaev,CCGS�Des Groseilliers,DND,"Stayed at surface, transitting every 5 minutes"
4902416,SN462,300234064779000,DOVA,6038014,2017/10/04,13:30,57.2197,-53.4909,Yashayaev,CCGS�Des Groseilliers,BIO,"Replacement for SN338, transmitted every 8 hours, stayed at surface, deactivated, replaced by SN602"
4902417,SN463,300234064775030,NOVA-CTD,0056557,2017/06/10,1:26,49.4333,-136.6750,Doug Yelland,CCGS John P. Tully - PAC2017-06,IOS,Replacement for SN316
4902418,SN464,300234064777030,NOVA-CTD,,2017/07/07,2:08,52.2909,-139.4540,Svein Vagle,CCGS Sir Wilfrid Laurier PAC2017-93,IOS,Replacement for SN317
4902419,SN465,300234064771040,NOVA-CTD,6038016,2017/10/04,16:13,56.8434,-54.3709,Yashayaev,CCGS�Des Groseilliers,BIO,Replacement for SN341
4902420,SN473,300234065005470,NOVA-CTD,6038045,2018/05/02,14:01,53.7192,-50.3549,Yashayaev,CCGS Hudson HUD2018008,BIO,"No first profile, good second profile"
4902421,SN474,300234065008700,NOVA-CTD,6038046,2018/05/10,19:31,56.7461,-52.4378,Yashayaev,CCGS Hudson HUD2018008,BIO,Replaced by A19016-A19018
4902422,SN475,300234065009700,NOVA-CTD,6038047,2018/05/06,16:15,57.8074,-51.3526,Yashayaev,CCGS Hudson HUD2018008,BIO,
4902423,SN476,300234065009460,NOVA-CTD,6038048,2018/05/06,1:08,56.9697,-52.2495,Yashayaev,CCGS Hudson HUD2018008,BIO,
4902424,SN477,300234065009430,NOVA-CTD,6038049,2018/05/06,22:45,58.1978,-50.8502,Yashayaev,CCGS Hudson HUD2018008,BIO,"Stayed at surface, transitting every 5 minutes"
4902425,SN478,300234065003680,NOVA-CTD,6038050,2018/05/10,16:05,57.1694,-51.9899,Yashayaev,CCGS Hudson HUD2018008,BIO,
4902426,SN491,300234065900100,NOVA-CTD,eq.,2017/07/25,14:03,57.5145,-59.7926,Fraser Davidson,Teleost - Teleost_176,DFO-NL,
4902427,SN466,300234065008410,NOVA-CTD,eq.,2018/08/19,17:55,72.3260,-154.7549,Greg Smith,USCGC Healy,DND,
4902428,SN467,300234065009410,NOVA-CTD,eq.,2018/08/20,16:09,72.1128,-156.7248,Greg Smith,USCGC Healy,DND,
4902429,SN468,300234065004450,NOVA-CTD,eq.,2018/08/21,4:03,72.6742,-156.6118,Greg Smith,USCGC Healy,DND,
4902430,SN469,300234065002460,NOVA-CTD,eq.,2018/08/18,19:25,71.6686,-153.7918,Greg Smith,USCGC Healy,DND,
4902431,SN470,300234065004650,NOVA-CTD,eq.,2018/08/18,9:15,72.0641,-153.3309,Greg Smith,USCGC Healy,DND,
4902432,SN471,300234065008470,NOVA-CTD,eq.,2018/08/11,5:19,67.9729,-59.4995,Fraser Davidson,CCGS Amundsen,DND,
4902433,SN472,300234065001440,NOVA-CTD,eq.,2018/07/23,15:50,64.6588,-59.7889,Fraser Davidson,CCGS Amundsen,DND,
4902434,SN542,300234065662900,NOVA-CTD,6038010,2018/06/10,7:24,49.1233,-132.6700,Marie Robert,CCGS John P. Tully - PAC2018-026,IOS,Replacement for 325
4902435,SN543,300234065663840,NOVA-CTD,6042153,2018/06/08,23:52,48.8548,-129.1600,Marie Robert,CCGS John P. Tully - PAC2018-026,IOS,"Replacement for 441, came to the surface 05/08/2020, deactivated 06/08/2020"
4902436,P53363-22CA001,300025010237690,PROVOR_IV,,,,,,Marcel Babin,,TAKUVIK,"SIM 8988169224001047480, not deployed issue (2019), old SN/WMO OIN14S501/4902436"
4902437,P53363-22CA002,300025010234740,PROVOR_IV,,,,,,Marcel Babin,,TAKUVIK,"SIM 8988169224001047472, not deployed issue (2019), old SN/WMO OIN14S502/4902437"
4902438,AI2600-18CA001,300234065151730,ARVOR-I,6038160,2018/05/10,9:22,57.9999,-51.0602,Yashayaev,CCGS Hudson HUD2018008,BIO,
4902439,AI2600-18CA002,300234065155560,ARVOR-I,6038161,2018/05/02,19:49,54.2183,-49.7826,Yashayaev,CCGS Hudson HUD2018008,BIO,
4902440,AI2600-18CA003,300234065150660,ARVOR-I,6038162,2018/09/25,16:46,42.2114,-61.1953,Dave Hebert/Dan Wood,CCGS Hudson HUD2018030,BIO,Only 5 messages sent on 15/05/2019
4902441,AI2600-18CA004,300234065151560,ARVOR-I,6038163,2018/09/28,5:58,43.4798,-57.5328,Andrew Cogswell/Terry Cormier,CCGS Hudson HUD2018030,BIO,
4902442,AI2600-18CA005,300234065867330,ARVOR-I,6038164,2018/10/04,6:20,43.0198,-55.8404,Andrew Cogswell,CCGS Hudson HUD2018030,BIO,
4902443,AI2600-18CA006,300234065860340,ARVOR-I,6038165,2019/02/10,14:50,49.6340,-139.6897,Marie Robert,CCGS John P. Tully - PAC2019-001,IOS,
4902444,AI2600-18CA007,300234065965570,ARVOR-I,6038166,2019/02/07,15:34,48.7770,-128.1843,Marie Robert,CCGS John P. Tully - PAC2019-001,IOS,
4902445,AI2600-18CA008,300234065961050,ARVOR-I,6038167,2018/06/14,2:58,49.9985,-144.9990,Marie Robert,CCGS John P. Tully - PAC2018-026,IOS,
4902446,AI2600-18CA009,300234065969150,ARVOR-I,6038168,2019/02/12,18:34,50.0022,-144.9965,Marie Robert,CCGS John P. Tully - PAC2019-001,IOS,
4902447,AI2600-18CA010,300234065961150,ARVOR-I,6038169,2018/06/11,12:26,49.4350,-136.6782,Marie Robert,CCGS John P. Tully - PAC2018-026,IOS,
4902448,SN579,300234065771600,NOVA-CTD,,2018/08/14,10:57,55.9032,-54.7498,Erica Rogers,HMCS Charlottetown,DND,Replaced by A19016-A19018
4902449,SN580,300234065770670,NOVA-CTD,,2018/08/15,6:28,58.3160,-57.8332,Erica Rogers,HMCS Charlottetown,DND,Replaced by A19016-A19018
4902450,SN581,300234065774470,NOVA-CTD,,2018/10/25,13:40,56.3410,-40.7917,Erica Rogers,HMCS Charlottetown,DND,
4902451,SN582,300234065776590,NOVA-CTD,,2018/10/25,9:00,57.4451,-39.0691,Erica Rogers,HMCS Charlottetown,DND,
4902452,SN583,300234065776470,NOVA-CTD,,2018/10/25,19:50,54.7064,-43.4691,Erica Rogers,HMCS Charlottetown,DND,"Came to surface, deactivated 14 Oct 2020"
4902453,SN589,300234066346760,NOVA-CTD,6038194,2018/09/25,5:58,42.4717,-61.4340,Andrew Cogswell/Terry Cormier,CCGS Hudson HUD2018030,BIO,
4902454,SN590,300234066347920,NOVA-CTD,6038195,2018/09/25,22:39,42.0317,-61.0698,Andrew Cogswell/Dan Wood,CCGS Hudson HUD2018030,BIO,Replaced by A19016-A19018
4902455,SN591,300234066340340,NOVA-CTD,6038196,2018/10/03,17:05,43.7341,-55.8607,Andrew Cogswell,CCGS Hudson HUD2018030,BIO,
4902456,SN592,300234066345920,NOVA-CTD,6038197,2018/10/03,22:49,43.434,-55.8420,Andrew Cogswell,CCGS Hudson HUD2018030,BIO,
4902457,SN593,300234066346750,NOVA-CTD,6038198,2018/11/19,13:49,42.0826,-49.2709,Steve Snook,CCGS Hudson HUD2018035,BIO,
4902458,SN594,300234066346700,NOVA-CTD,6038199,2018/11/19,19:15,41.7064,-48.9377,Steve Snook,CCGS Hudson HUD2018035,BIO,Needs to be replaced
4902459,SN595,300234066348510,NOVA-CTD,6038200,2018/07/12,6:00,54.2761,-152.4750,John Nelson,CCGS Sir Wilfrid Laurier PAC2018-063,IOS,
4902460,SN596,300234066343750,NOVA-CTD,6038201,2019/02/10,1:02,49.5003,-137.6652,Marie Robert,CCGS John P. Tully - PAC2019-001,IOS,Needs to be replaced
4902461,SN597,300234066345760,NOVA-CTD,6038202,2018/07/11,8:47,53.8567,-145.0070,John Nelson,CCGS Sir Wilfrid Laurier PAC2018-063,IOS,
4902462,SN598,300234066343760,NOVA-CTD,6038203,2019/02/12,18:27,50.0013,-145.0018,Marie Robert,CCGS John P. Tully - PAC2019-001,IOS,
4902463,SN599,300234066340710,NOVA-CTD,6038204,2018/07/12,12:44,54.3032,-154.9770,John Nelson,CCGS Sir Wilfrid Laurier PAC2018-063,IOS,"Grounded on cycle 7, failed on cycle 16"
4902464,SN600,300234066344920,NOVA-CTD,6038205,2018/07/11,23:00,54.1885,-150.0060,John Nelson,CCGS Sir Wilfrid Laurier PAC2018-063,IOS,
4902465,SN601,300234066342730,NOVA-CTD,6038206,2018/07/11,15:56,54.0473,-147.4940,John Nelson,CCGS Sir Wilfrid Laurier PAC2018-063,IOS,
4902466,SN602,300234066348330,NOVA-CTD,6038014,2018/11/20,0:05,41.3377,-48.6585,Steve Snook,CCGS Hudson HUD2018035,BIO,"Replacement for SN462, stopped after 2 profiles, needs to be replaced"
4902467,AI2600-18CA011,300234067205890,ARVOR-I,,2019/04/21,22:48,43.4756,-57.5268,Andrew Cogswell,Coriolis II COR2019-001,DND,
4902468,AI2600-18CA012,300234067202930,ARVOR-I,,2019/06/12,3:53,56.1077,-53.1204,Igor Yashayaev,CCGS Amundsen AMU2019001,DND,
4902469,AI2600-18CA013,300234067206910,ARVOR-I,,2019/06/13,21:55,57.8077,-51.3965,Igor Yashayaev,CCGS Amundsen AMU2019001,DND,
4902470,AI2600-18CA014,300234067203290,ARVOR-I,,2019/04/21,22:41,43.4738,-57.5267,Andrew Cogswell,Coriolis II COR2019-001,DND,
4902471,AI2600-18CA015,300234067204300,ARVOR-I,,2019/06/18,19:29,60.0046,-52.3494,Igor Yashayaev,CCGS Amundsen AMU2019001,DND,
4902472,AI2600-19CA001,300234066515600,ARVOR-I,6038266,2019/08/19,10:06,49.2832,-134.6663,Marie Robert,CCGS John P. Tully - PAC2019-008,IOS,
4902473,AI2600-19CA002,300234067116370,ARVOR-I,6038267,2019/08/31,23:37,48.2712,-126.7854,Akash Sastri,CCGS John P. Tully - PAC2019-023,IOS,
4902474,AI2600-19CA003,300234066518600,ARVOR-I,6038268,2019/08/21,4:56,49.6365,-139.6615,Marie Robert,CCGS John P. Tully - PAC2019-008,IOS,
4902475,AI2600-19CA004,300234067011750,ARVOR-I,6038269,2019/05/03,18:26,21.9124,-114.4200,Tetjana Ross,HMCS Yellowknife,IOS,
4902476,AI2600-19CA005,300234066517680,ARVOR-I,6038270,2019/04/11,22:20,8.9484,-87.8421,Tetjana Ross,HMCS Yellowknife,IOS,
4902477,AI2600-19CA006,300234067018740,ARVOR-I,6038271,2019/06/19,2:31,59.5099,-53.0656,Igor Yashayaev,CCGS Amundsen AMU2019001,BIO,
4902478,AI2600-19CA007,300234066617010,ARVOR-I,6038272,2019/06/14,17:11,58.6214,-50.4223,Igor Yashayaev,CCGS Amundsen AMU2019001,BIO,
4902479,AI2600-19CA008,300234066516680,ARVOR-I,6038273,2019/06/19,8:20,59.0057,-53.1560,Igor Yashayaev,CCGS Amundsen AMU2019001,BIO,
4902480,AI2632-19CA009,300234066516710,ARVOR-I+O2,6038274,2019/06/19,13:29,58.5120,-53.2496,Igor Yashayaev,CCGS Amundsen AMU2019001,BIO/UVic,"Came to the surface 26 Oct 2020, deactivated 30 Nov 2020"
4902481,AI2632-19CA010,300234066511690,ARVOR-I+O2,6038275,2019/06/12,10:22,56.5473,-52.6928,Igor Yashayaev,CCGS Amundsen AMU2019001,BIO/UVic,
4902482,AI2600-19CA011,300234067672100,ARVOR-I,6038276,2019/08/20,22:16,49.5669,-138.6740,Marie Robert,CCGS John P. Tully - PAC2019-008,IOS,
4902483,AI2600-19CA012,300234067671120,ARVOR-I,6038277,2019/08/17,23:38,48.9697,-130.7625,Marie Robert,CCGS John P. Tully - PAC2019-008,IOS,
4902484,AI2600-19CA013,300234067670120,ARVOR-I,6038278,2019/07/07,1:50,53.4278,-147.4970,John Nelson,CCGS Sir Wilfrid Laurier PAC2019-078,IOS,
4902485,AI2600-19CA014,300234067209290,ARVOR-I,6038279,2019/08/21,22:05,49.7630,-141.6689,Marie Robert,CCGS John P. Tully - PAC2019-008,IOS,
4902486,AI2600-19CA015,300234067209300,ARVOR-I,6038280,2019/08/18,19:45,49.2033,-133.6752,Marie Robert,CCGS John P. Tully - PAC2019-008,IOS,
4902487,AI2600-19CA016,300234067579730,ARVOR-I,6040250,2019/06/12,17:15,56.9795,-52.2464,Igor Yashayaev,CCGS Amundsen AMU2019001,BIO,
4902488,AI2600-19CA017,300234067575740,ARVOR-I,6040249,2019/06/19,18:39,58.0101,-53.3472,Igor Yashayaev,CCGS Amundsen AMU2019001,BIO,
4902489,AI2600-19CA018,300234067574740,ARVOR-I,6040248,2019/09/15,21:56,56.2792,-50.2817,Erica Rogers,HMCS Kingston,BIO,
4902490,AI2600-19CA019,300234067576730,ARVOR-I,,2019/07/05,0:20,51.1333,-134.1533,John Nelson,CCGS Sir Wilfrid Laurier PAC2019-078,DND/IOS,
4902491,AI2600-19CA020,300234067574730,ARVOR-I,,2019/07/06,16:48,51.9938,-138.0797,John Nelson,CCGS Sir Wilfrid Laurier PAC2019-078,DND/IOS,
4902492,AI2600-19CA021,300234067572720,ARVOR-I,,2019/08/17,8:04,48.8938,-129.6662,Marie Robert,CCGS John P. Tully - PAC2019-008,DND/IOS,
4902493,AI2600-19CA022,300234067571740,ARVOR-I,,2019/07/08,15:45,53.8063,-151.6630,John Nelson,CCGS Sir Wilfrid Laurier PAC2019-078,DND/IOS,
4902494,AI2600-19CA023,300234010465530,ARVOR-I,,2019/07/07,16:42,53.1038,-144.8598,John Nelson,CCGS Sir Wilfrid Laurier PAC2019-078,DND/IOS,
4902495,AI2600-19CA024,300234067570740,ARVOR-I,,2019/09/15,17:09,57.1735,-49.5230,Erica Rogers,HMCS Kingston,DND,
4902496,AI2600-19CA025,300234067575770,ARVOR-I,,2019/11/28,1:02,47.0005,-42.9990,Steve Snook,RRS James Cook COO001,DND,
4902497,AI2600-19CA026,300234067577760,ARVOR-I,,2019/11/28,1:06,47.0003,-42.9992,Steve Snook,RRS James Cook COO001,DND,
4902498,AI2600-19CA027,300234067579720,ARVOR-I,,2019/11/26,5:55,42.0812,-49.2682,Steve Snook,RRS James Cook COO001,DND,
4902499,AI2600-19CA028,300234067574720,ARVOR-I,,2019/11/26,5:58,42.0818,-49.2687,Steve Snook,RRS James Cook COO001,DND,
4902500,AI2600-19CA029,300234067675120,ARVOR-I,,2020/10/11,2:13,43.0202,-59.1096,Chantelle Layton,CCGS Hudson HUD2020063,DND/BIO,
4902501,AI2600-19CA030,300234067675250,ARVOR-I,,2020/10/10,19:43,42.5683,-60.6801,Lindsay Beazley/Dave Hebert,CCGS Hudson HUD2020063,DND/BIO,
4902502,AI2600-19CA031,300234067676110,ARVOR-I,,2020/10/11,12:59,43.4682,-57.4924,Lindsay Beazley/Dave Hebert,CCGS Hudson HUD2020063,DND/BIO,
4902503,AI2600-19CA032,300534060900640,ARVOR-I,,2020/10/11,5:21,43.2156,-58.3093,Chantelle Layton,CCGS Hudson HUD2020063,BIO,
4902504,AI2600-19CA033,300534060606600,ARVOR-I,,2020/08/03,16:41,58.6267,-50.3879,Dave Hebert,CCGS Amundsen AMU2020-001,BIO,
4902505,AI2600-19CA034,300534060906670,ARVOR-I,,2020/08/01,13:58,56.5554,-52.7120,Dave Hebert,CCGS Amundsen AMU2020-001,BIO,
4902506,AI2600-19CA035,300534060605610,ARVOR-I,,2020/08/08,23:50,58.5034,-53.2477,Marc Ringuette,CCGS Amundsen AMU2020-001,BIO,
4902507,AI2600-19CA036,300534060602610,ARVOR-I,,2020/08/07,18:26,59.9989,-51.7501,Dave Hebert,CCGS Amundsen AMU2020-001,BIO,
4902508,AI2600-19CA037,300534060901660,ARVOR-I,,2020/08/08,1:54,59.9987,-52.4068,Marc Ringuette,CCGS Amundsen AMU2020-001,BIO,
4902509,AI2600-19CA038,300534060904410,ARVOR-I,,2020/08/01,23:01,56.9554,-52.2345,Marc Ringuette,CCGS Amundsen AMU2020-001,BIO,
4902510,AI2600-19CA039,300534060401890,ARVOR-I,,2020/08/01,3:54,56.1384,-53.1502,Marc Ringuette,CCGS Amundsen AMU2020-001,BIO,
4902511,AI2600-19CA040,300534060905630,ARVOR-I,,2020/08/02,15:07,57.7961,-51.3471,Dave Hebert,CCGS Amundsen AMU2020-001,BIO,
4902512,AI2600-19CA041,300534060900370,ARVOR-I,,2020/08/08,15:46,59.1515,-53.1843,Dave Hebert,CCGS Amundsen AMU2020-001,BIO,
4902513,AI2600-20CA001,300534060223390,ARVOR-I,,2020/08/08,9:00,59.4963,-53.0972,Marc Ringuette,CCGS Amundsen AMU2020-001,BIO,
4902514,AI2600-20CA002,300534060607600,ARVOR-I,,2021/07/12,3:04,53.9084,-149.1464,Tetjana Ross,CCGS Laurier,BIO,
4902515,AI2600-20CA003,300534060222670,ARVOR-I,,2021/09/25,18:59,41.4328,-60.7413,Chantelle Layton,CCGS Hudson ,BIO,
4902516,AI2600-20CA004,300534060901650,ARVOR-I,,2021/07/12,16:44,54.0865,-152.7361,Tetjana Ross,CCGS Laurier,BIO,
4902517,AI2600-20CA005,300534060226410,ARVOR-I,,2021/07/11,16:48,53.6596,-146.0578,Tetjana Ross,CCGS Laurier,BIO,
4902518,AI2600-20CA006,300534060224430,ARVOR-I,,2021/09/25,5:17,42.0195,-61.1587,Chantelle Layton,CCGS Hudson ,BIO,
4902519,AI2600-20CA007,300534060229400,ARVOR-I,,2021/09/27,20:59,43.4824,-57.4624,Chantelle Layton,CCGS Hudson ,BIO,
4902520,AI2600-20CA008,300534060222390,ARVOR-I,,2021/07/12,5:19,52.9197,-140.0928,Tetjana Ross,CCGS Laurier,BIO,
4902521,AI2600-20CA009,300534060229660,ARVOR-I,,2021/07/13,3:07,54.1792,-155.5257,Tetjana Ross,CCGS Laurier,BIO,
4902522,AI2600-20CA010,300534060225410,ARVOR-I,,2021/07/11,3:02,53.2627,-142.7046,Tetjana Ross,CCGS Laurier,BIO,
4902523,AI2600-20CA011,300534060227420,ARVOR-I,,2020/10/10,17:18,42.3853,-61.2839,Lindsay Beazley/Dave Hebert,CCGS Hudson HUD2020063,DND/BIO,
4902524,AI2600-20CA012,300534060223420,ARVOR-I,,2020/10/10,22:36,42.7485,-59.9938,Chantelle Layton,CCGS Hudson HUD2020063,DND/BIO,
4902525,AI2600-20CA013,300534060220410,ARVOR-I,,2020/11/19,23:51,42.0817,-49.2700,Steve Snook,CCGS Hudson HUD2020120,DND/BIO,No first HK message or first profile
4902526,AI2600-20CA014,300534060220420,ARVOR-I,,2020/11/20,4:52,41.6998,-48.9473,Steve Snook,CCGS Hudson HUD2020120,DND/BIO,Box damaged during shipment; float appears to be okay.
4902527,AI2600-20CA015,300534060221430,ARVOR-I,,2020/11/22,4:46,46.9999,-42.4908,Steve Snook,CCGS Hudson HUD2020120,DND/BIO,
4902528,AI2600-20CA016,300534060605590,ARVOR-I,,2020/11/21,23:53,47.0009,-41.9990,Steve Snook,CCGS Hudson HUD2020120,DND/BIO,
4902529,AI2600-20CA017,300534060225420,ARVOR-I,,2020/11/20,9:40,41.3327,-48.6704,Steve Snook,CCGS Hudson HUD2020120,DND/BIO,
4902530,AI2600-20CA018,300534060228400,ARVOR-I,,2021/10/25,21:22,72.7392,-66.9769,Blair Greenan,CCGS Amundsen,DND/BIO,
4902531,AI2600-20CA019,300534060228670,ARVOR-I,,2021/10/25,21:41,72.7367,-66.9696,Blair Greenan,CCGS Amundsen,DND/BIO,
4902532,AI2600-20CA020,300534060227670,ARVOR-I,,2021/10/25,21:33,72.7384,-66.9752,Blair Greenan,CCGS Amundsen,DND/BIO,
4902533,AI3500-20CA001,300534060123910,ARVOR-I-RBR,,2021/04/26,2:32,16.5397,-67.3468,Clark Richards,"R/V Thomas G Thompson, GO-SHIP A22",BIO,Failed to initiate at deployment Aug 2020; returned to NKE 
4902534,AI3500-20CA002,300534060229320,ARVOR-I-RBR,,2021/04/26,2:37,16.5397,-67.3469,Clark Richards,"R/V Thomas G Thompson, GO-SHIP A22",BIO,Returned to NKE
4902535,AI3500-20CA003,300534060220330,ARVOR-I-RBR,,2022/05/18,22:28,57.16383,-52.00933,Clark Richards,R/V Atlantis,BIO,Deployed with buddy float 4902593
4902536,AI2600-20CA021,300534060126600,ARVOR-I,,2020/08/19,15:49,49.7727,-141.6675,Marie Robert,CCGS John P. Tully PAC2020-008,IOS,
4902537,AI2600-20CA022,300534060128600,ARVOR-I,,2020/08/09,17:30,51.3146,-134.5018,Jane Eert,CCGS Sir Wilfrid Laurier SWL2020,IOS,
4902538,AI2600-20CA023,300534060224320,ARVOR-I,,2020/08/14,16:45,48.7400,-127.6665,Marie Robert,CCGS John P. Tully PAC2020-008,IOS,
4902539,AI2600-20CA024,300534060129620,ARVOR-I,,2020/08/10,19:08,52.4383,-140.1371,Jane Eert,CCGS Sir Wilfrid Laurier SWL2020,IOS,
4902540,AI2600-20CA025,300534060126610,ARVOR-I,,2021/02/08,23:22,49.8403,-142.6723,Marie Robert,CCGS John P. Tully PAC2021-001,IOS,
4902541,AI2600-20CA026,300534060223340,ARVOR-I,,2020/08/17,18:09,49.3420,-135.6698,Marie Robert,CCGS John P. Tully PAC2020-008,IOS,
4902542,AI2600-20CA027,300534060126640,ARVOR-I,,2020/08/12,0:55,53.6563,-149.2274,Jane Eert,CCGS Sir Wilfrid Laurier SWL2020,IOS,
4902543,AI2600-20CA028,300534060128640,ARVOR-I,,2021/02/08,12:41,49.6993,-140.6642,Marie Robert,CCGS John P. Tully PAC2021-001,IOS,
4902544,AI2600-20CA029,300534060125640,ARVOR-I,,2020/08/16,17:11,49.1190,-132.6730,Marie Robert,CCGS John P. Tully PAC2020-008,IOS,
4902545,AI2600-20CA030,300534060125620,ARVOR-I,,2020/08/12,12:43,53.9262,-152.9685,Jane Eert,CCGS Sir Wilfrid Laurier SWL2020,IOS,
4902546,AI2600-20CA031,300534060227580,ARVOR-I,,2020/08/11,7:00,52.9942,-143.4879,Jane Eert,CCGS Sir Wilfrid Laurier SWL2020,IOS,
4902547,AI2600-20CA032,300534060224310,ARVOR-I,,2020/08/15,13:57,48.9312,-130.1713,Marie Robert,CCGS John P. Tully PAC2020-008,IOS,
4902548,AI2600-20CA033,300534060126630,ARVOR-I,,2023/12/05,14:25,22.50170,-172.92170,Tetjana Ross,,IOS,Failed to initiate at deployment in 02/2021.
4902549,AI2632-20CA034,300534060229340,ARVOR-I+O2,,2020/08/17,12:12,49.2695,-134.6683,Marie Robert,CCGS John P. Tully PAC2020-008,IOS,
4902550,AI2632-20CA035,300534060120930,ARVOR-I+O2,,2021/02/06,19:04,49.2838,-134.6743,Marie Robert,CCGS John P. Tully PAC2021-001,IOS,
4902551,AI2632-20CA036,300534060223320,ARVOR-I+O2,,2020/08/18,21:49,49.5533,-138.6665,Marie Robert,CCGS John P. Tully PAC2020-008,IOS,
4902552,AI2632-20CA037,300534060221340,ARVOR-I+O2,,2021/02/04,9:41,48.8157,-128.6585,Marie Robert,CCGS John P. Tully PAC2021-001,IOS,
4902553,AI2632-20CA038,300534060229330,ARVOR-I+O2,,2021/02/05,8:14,48.9733,-130.6717,Marie Robert,CCGS John P. Tully PAC2021-001,IOS,
4902554,AI2632-20CA039,300534060127640,ARVOR-I+O2,,2021/02/08,1:42,49.5722,-138.6880,Marie Robert,CCGS John P. Tully PAC2021-001,IOS,
4902555,AI2632-20CA040,300534060222330,ARVOR-I+O2,,2021/02/09,20:06,50.0043,-144.9927,Marie Robert,CCGS John P. Tully PAC2021-001,IOS,
4902556,AI3500-21CA001,300534061173450,ARVOR-I-RBR,,2022/05/24,4:20,41.41050,-60.66817,Clark Richards,R/V Atlantis,BIO,Deployed with buddy float 4902590
4902557,AI3500-21CA002,300534061079540,ARVOR-I-RBR,,2022/05/18,3:24,58.16783,-50.87383,Clark Richards,R/V Atlantis,BIO,Deployed with buddy float 4902592
4902558,AI3500-21CA003,300534061174520,ARVOR-I-RBR,,2024/09/19,2:37,73.0009,-139.9953,Tetjana Ross,,IOS,
4902559,AI3500-21CA004,300534061174400,ARVOR-I-RBR,,2022/03/11,2:31,50.006,-144.991,Tetjana Ross,CCGS Tully,IOS,Deployed with buddy float 4902589
4902560,AI2600-21CA001,300534060013480,ARVOR-I,,2022/02/03,2:50,-22.9130,5.0090,Blair Greenan,IRIS,BIO,
4902561,AI2600-21CA002,300534060212400,ARVOR-I,,2021/12/29,6:04,12.8770,-42.5420,Blair Greenan,IRIS,BIO,
4902562,AI2600-21CA003,300534060214390,ARVOR-I,,2022/01/08,5:06,-0.9690,-18.3830,Blair Greenan,IRIS,BIO,
4902563,AI2600-21CA004,300534060011480,ARVOR-I,,2022/02/05,5:24,-15.9920,5.0110,Blair Greenan,IRIS,BIO,
4902564,AI2600-21CA005,300534061176490,ARVOR-I,,2022/01/29,5:48,-18.0010,-5.6220,Blair Greenan,IRIS,BIO,
4902565,AI2600-21CA006,300534060213390,ARVOR-I,,2024/09/18,15:30,72.5983,-144.705,Tetjana Ross,,IOS,
4902566,AI2600-21CA007,300534060212390,ARVOR-I,,2022/03/09,11:23,49.564,-138.681,Tetjana Ross,CCGS Tully,IOS,
4902567,AI2600-21CA008,300534060417380,ARVOR-I,,2022/02/28,21:29,49.696,-140.664,Tetjana Ross,CCGS Tully,IOS,
4902568,AI2600-21CA009,300534060216390,ARVOR-I,,2022/01/17,16:25,-11.9810,-6.0200,Erica Rogers,IRIS,DND/BIO,
4902569,AI2600-21CA010,300534061175400,ARVOR-I,,2022/02/10,11:06,-2.8300,0.8300,Erica Rogers,IRIS,DND/BIO,
4902570,AI2600-21CA011,300534060115000,ARVOR-I,,2021/12/28,22:31,7.0300,-37.9670,Erica Rogers,IRIS,DND/BIO,
4902571,AI2600-21CA012,300534060215390,ARVOR-I,,2022/01/13,7:14,-5.0040,-7.9440,Erica Rogers,IRIS,DND/BIO,
4902572,AI2600-21CA013,300534061173530,ARVOR-I,,2021/12/30,13:47,3.3970,-33.3070,Erica Rogers,IRIS,DND/BIO,
4902573,AI2600-21CA014,300534060419380,ARVOR-I,,2021/12/18,5:58,37.1190,-64.5270,Erica Rogers,IRIS,DND/BIO,
4902574,AI2600-21CA015,300534061179480,ARVOR-I,,2022/02/07,15:53,-9.0000,5.0130,Erica Rogers,IRIS,DND/BIO,
4902575,AI2600-21CA016,300534061176520,ARVOR-I,,2022/04/16,11:19,41.36742,-48.62063,Erica Rogers,R/V Atlantis,DND/BIO,
4902576,AI2632-21CA017,300534061179420,ARVOR-I+O2,,2022/04/01,4:26,43.59750,-58.06550,Blair Greenan,R/V Atlantis,BIO,
4902577,AI2632-21CA018,300534060010470,ARVOR-I+O2,,2022/04/01,11:25,43.46900,-57.54783,Blair Greenan,R/V Atlantis,BIO,
4902578,AI2632-21CA019,300534060211390,ARVOR-I+O2,,2022/05/24,20:52,42.03500,-61.08767,Blair Greenan,R/V Atlantis,BIO,
4902579,AI2632-21CA020,300534061078540,ARVOR-I+O2,,2022/05/18,18:06,57.37883,-51.79517,Blair Greenan,R/V Atlantis,BIO,
4902580,AI2632-21CA021,300534061179400,ARVOR-I+O2,,2022/05/14,7:17,58.63583,-50.41600,Blair Greenan,R/V Atlantis,BIO,
4902581,AI2632-21CA022,300534061173510,ARVOR-I+O2,,2022/05/19,6:28,56.55433,-52.66150,Blair Greenan,R/V Atlantis,BIO,
4902582,AI2632-21CA023,300534061174470,ARVOR-I+O2,,2022/04/18,15:45,47.02133,-42.98913,Blair Greenan,R/V Atlantis,BIO,
4902583,AI2632-21CA024,300534060113000,ARVOR-I+O2,,2022/02/24,16:53,47.0735,138.0195,Tetjana Ross,CCGS Franklin,IOS,
4902584,AI2632-21CA025,300534060210400,ARVOR-I+O2,,2022/03/01,19:53,45.9662,-144.0295,Tetjana Ross,CCGS Franklin,IOS,
4902585,AI2632-21CA026,300534061175440,ARVOR-I+O2,,2022/03/16,18:00,53.0681,-143.9553,Tetjana Ross,CCGS Franklin,IOS,
4902586,AI2632-21CA027,300534061176430,ARVOR-I+O2,,2022/03/11,3:01,55.031,-138.0783,Tetjana Ross,CCGS Franklin,IOS,
4902587,AI2632-21CA028,300534060015430,ARVOR-I+O2,,2022/03/15,16:14,55.9468,-143.9403,Tetjana Ross,CCGS Franklin,IOS,
4902588,AI2632-21CA029,300534060018760,ARVOR-I+O2,,2022/03/14,20:40,57.0036,-144.0799,Tetjana Ross,CCGS Franklin,IOS,
4902589,AI2632-21CA030,300534061176470,ARVOR-I+O2,,2022/03/11,2:20,50.002,-144.997,Tetjana Ross,CCGS Tully,IOS,Buddy float for 4902559
4902590,AI2600-21CA031,300534060226100,ARVOR-I,,2022/05/24,4:13,41.41200,-60.66683,Erica Rogers,R/V Atlantis,DND/BIO,Buddy float for 4902556
4902591,AI2600-21CA032,300534060225110,ARVOR-I,,2022/05/12,20:39,57.77300,-51.37483,Erica Rogers,R/V Atlantis,DND/BIO,
4902592,AI2600-21CA033,300534060226110,ARVOR-I,,2022/05/18,3:16,58.16967,-50.86433,Erica Rogers,R/V Atlantis,DND/BIO,Buddy float for 4902557
4902593,AI2600-21CA034,300534060356500,ARVOR-I,,2022/05/18,22:15,56.95667,-52.23667,Erica Rogers,R/V Atlantis,DND/BIO,Buddy float for 4902535
4902594,AI2600-21CA035,300534060223100,ARVOR-I,,2022/05/17,14:06,59.06550,-49.95000,Erica Rogers,R/V Atlantis,DND/BIO,
4902595,AI2600-21CA036,300534060357610,ARVOR-I,,2022/04/15,22:55,42.06120,-49.27807,Erica Rogers,R/V Atlantis,DND/BIO,
4902596,P41305-21CA001,300125061075760,PROVOR CTS4,,2022/05/06,22:21,49.4328,-136.6640,Tetjana Ross,,IOS,
4902597,P41305-21CA002,300125061070720,PROVOR CTS4,,2022/05/09,22:34,49.9987,-145.0020,Tetjana Ross,,IOS,
4902598,P41305-21CA003,300125061656740,PROVOR CTS4,,2022/10/09,19:35,42.0303,-61.0846,Blair Greenan,,BIO,
4902599,P41305-21CA004,300125061360970,PROVOR CTS4,,2022/10/13,11:51,43.4733,-57.5281,Blair Greenan,,BIO,
4902600,P41305-21CA005,300125061077690,PROVOR CTS4,,2023/09/15,11:05,43.7820,-57.8310,Blair Greenan,,BIO,
4902601,P41305-21CA006,300125061078780,PROVOR CTS4,,2023/09/24,8:20,42.4720,-61.4350,Blair Greenan,,BIO,
4902602,P53342-21CA002,,,,,,,,Marcel Babin,,TAKUVIK,TAKUVUK
4902603,AI2600-22CA001,300534062475420,ARVOR-I,,,,,,Erica Rogers,,DND/BIO,
4902604,AI2600-22CA002,300534060900650,ARVOR-I,,2023/06/03,12:00,59.8578,-54.5413,Blair Greenan,,BIO,
4902605,AI2600-22CA003,300534062475420,ARVOR-I,,2023/12/01,18:00,5.395,-18.7983,Blair Greenan,,BIO,
4902606,AI2600-22CA004,300534062470430,ARVOR-I,,2023/06/10,15:51,41.4059,-60.6433,Blair Greenan,,BIO,
4902607,AI2600-22CA005,300534062477740,ARVOR-I,,2023/12/01,23:48,3.4,-16.1983,Blair Greenan,,BIO,
4902608,AI2600-22CA006,300534062473430,ARVOR-I,,2023/10/22,20:02,42.077,-49.278,Blair Greenan,,BIO,
4902609,AI2600-22CA007,300534062474370,ARVOR-I,,2024/05/16,16:10,17.9857,-65.0987,Blair Greenan,,BIO,
4902610,AI2600-22CA008,300534062477390,ARVOR-I,,2023/09/19,0:35,72.881,-135.997,Tetjana Ross,,IOS,
4902611,AI2600-22CA009,300534062474720,ARVOR-I,,2023/10/03,21:00,73.04,-149.959,Tetjana Ross,,IOS,
4902612,AI2632-22CA010,300534062475430,ARVOR-I+O2,,2022/11/07,17:09,53.47466667,-148.5926667,Tetjana Ross,CCGS Laurier,IOS,
4902613,AI2632-22CA011,300534060906640,ARVOR-I+O2,,2022/09/29,02:00,52.4958,-132.165,Tetjana Ross,,IOS,
4902614,AI2632-22CA012,300534060116080,ARVOR-I+O2,,2023/06/04,3:08,51.3783,-130.842,Tetjana Ross,,IOS,
4902615,AI2632-22CA013,300534062470450,ARVOR-I+O2,,2024/07/03,9:56,36.1201,-143.55751,Tetjana Ross,,IOS,
4902616,AI2632-22CA014,300534062475730,ARVOR-I+O2,,2022/06/22,5:52,53.23483333,-135.63000,Tetjana Ross,CCGS Tully,IOS,
4902617,AI3500-22CA001,300534062473410,ARVOR-I-RBR,,2023/12/09,2:29,-22.0241,-1.2016,Blair Greenan,,BIO,
4902618,AI3500-22CA002,300534062476310,ARVOR-I-RBR,,2023/12/11,5:55,-24.5535,-0.079,Blair Greenan,,BIO,
4902619,AI3500-22CA003,300534062476460,ARVOR-I-RBR,,2023/12/10,20:54,-27.5935,3.6496,Blair Greenan,,BIO,
4902620,P41305-22CA001,300125061372350,PROVOR CTS4,,2022/10/15,2:19,-19.5017,54.9999,Blair Greenan,,BIO,Shipped to Ifremer Brest for IO Cruise.
4902621,P41305-22CA002,300125061376210,PROVOR CTS4,,,,,,Blair Greenan,,BIO,
4902622,P41305-22CA003,300125061376360,PROVOR CTS4,,2024/04/12,20:42,43.4698,-61.4349,Blair Greenan,,BIO,
4902623,P41305-22CA004,300125061370300,PROVOR CTS4,,2022/10/28,2:57,-5.5,52,Tetjana Ross,,IOS,Shipped to Ifremer Brest for IO Cruise.
4902624,P41305-22CA005,300125061378230,PROVOR CTS4,,2024/06/30,2:46,46.29273,-128.93643,Tetjana Ross,,IOS,
4902625,P41305-22CA006,300125061278120,PROVOR CTS4,,2024/07/02,22:01,37.78102,-141.71512,Tetjana Ross,,IOS,
4902626,P43205-22CA001,300125061192640,PROVOR CTS4+pH,,2022/10/17,0:08,-10.7589,50.0033,Blair Greenan,,BIO,Shipped to Ifremer Brest for IO Cruise.
4902627,P43205-22CA002,300125061370340,PROVOR CTS4+pH,,2023/09/15,2:29,43.479,-57.548,Blair Greenan,,BIO,
4902628,P43205-22CA003,300125061378340,PROVOR CTS4+pH,,2022/11/22,20:34,-18.2499,58.5004,Tetjana Ross,,IOS,Shipped to Ifremer Brest for IO Cruise.
4902629,P43205-22CA004,300125061277090,PROVOR CTS4+pH,,,,,,Tetjana Ross,,IOS,
4902630,P53362-22CA001,300025010647740,PROVOR CTS4,,,,,,Marcel Babin,,TAKUVIK,"SIM 8988169234000798371, TAKUVIK float, old SN/WMO OIN15S503/4901805"
4902631,AD2700-22CA001,300534063507930,ARVOR-I-DEEP,,2024/05/07,13:29,49.8361,-144.6701,Kohen Bauer,,ONC,
4902632,AD2700-22CA002,300534063813860,ARVOR-I-DEEP,,,,,,Kohen Bauer,,ONC,
4902633,AD2700-23CA001,300534063504940,ARVOR-I-DEEP,,2023/05/09,22:20,49.9980,-145.0057,Kohen Bauer,,ONC,
4902634,AD2700-23CA002,300534063506950,ARVOR-I-DEEP,,2023/05/07,17:12,49.5695,-138.6655,Kohen Bauer,,ONC,
4902635,AD2700-23CA003,300534063813710,ARVOR-I-DEEP,,2023/07/10,16:27,52.1926,-139.0760,Kohen Bauer,,ONC,
4902636,AD2700-23CA004,300534063507950,ARVOR-I-DEEP,,2023/07/11,16:56,53.1832,-145.2400,Kohen Bauer,,ONC,
4902637,AD2700-23CA005,300534063506540,ARVOR-I-DEEP,,2023/07/12,16:30,53.7655,-151.2150,Kohen Bauer,,ONC,
4902638,AD2700-23CA006,300534062315340,ARVOR-I-DEEP,,2024/02/04,2:04,-61.8045,-64.0131,Kohen Bauer,,ONC,
4902639,AD2700-23CA007,300534063607820,ARVOR-I-DEEP,,2024/02/04,1:56,-61.8054,-64.0131,Kohen Bauer,,ONC,
4902640,AD2700-23CA008,300534063500390,ARVOR-I-DEEP,,2024/09/09,10:15,48.2536,-154.9950,Kohen Bauer,,ONC,
4902641,AD2700-23CA009,300534063609820,ARVOR-I-DEEP,,2024/09/08,4:27,49.1161,-146.6006,Kohen Bauer,,ONC,
4902642,AD2700-23CA010,300534063500400,ARVOR-I-DEEP,,2024/06/30,14:57,45.0255,-131.6146,Kohen Bauer,,ONC,
4902643,AD2700-23CA011,300534063601830,ARVOR-I-DEEP,,2024/07/01,2:27,43.7078,-134.1182,Kohen Bauer,,ONC,
4902644,AD2700-23CA012,300534063708190,ARVOR-I-DEEP,,2024/07/01,15:47,41.8526,-136.4000,Kohen Bauer,,ONC,
4902645,AD2700-22CA003,300534063709190,ARVOR-I-DEEP,,,,,,Kohen Bauer,,ONC,
4902646,AD2700-22CA004,300534063601840,ARVOR-I-DEEP,,,,,,Kohen Bauer,,ONC,
4902647,AD2700-22CA005,300534063603830,ARVOR-I-DEEP,,,,,,Kohen Bauer,,ONC,
4902648,AD2700-22CA006,300534063508930,ARVOR-I-DEEP,,,,,,Kohen Bauer,,ONC,
4902649,AI2632-23CA001,300534064005990,ARVOR-I+O2,,2024/06/26,2:20,-35.0124,27.7382,Blair Greenan,,BIO,
4902650,AI2632-23CA002,300534064009980,ARVOR-I+O2,,2023/06/03,5:05,59.9763,-53.5576,Blair Greenan,,BIO,
4902651,AI2632-23CA003,300534064000560,ARVOR-I+O2,,2024/07/12,10:25,42.4469,-49.9561,Blair Greenan,,BIO,
4902652,AI2632-23CA004,300534064005560,ARVOR-I+O2,,2023/06/03,20:09,59.5010,-55.0080,Blair Greenan,,BIO,
4902653,AI2600-23CA001,300534063892270,ARVOR-I,,2024/06/25,21:42,-35.5335,28.7671,Blair Greenan,,BIO,
4902654,AI2600-23CA002,300534063998880,ARVOR-I,,2024/04/17,12:00,-39.4982,25.9525,Blair Greenan,,BIO,
4902655,AI2600-23CA003,300534063992920,ARVOR-I,,2024/06/23,2:55,-34.0226,27.8759,Blair Greenan,,BIO,
4902656,AI2600-23CA004,300534063799390,ARVOR-I,,2024/06/26,6:30,-34.4887,26.6715,Blair Greenan,,BIO,
4902657,AI2600-23CA005,300534063895250,ARVOR-I,,2024/04/18,14:01,-43.4986,32.3057,Blair Greenan,,BIO,
4902658,AI2600-23CA006,300534063794890,ARVOR-I,,2023/12/10,6:02,-19.0084,-3.0149,Blair Greenan,,BIO,
4902659,AI2600-23CA007,300534063792390,ARVOR-I,,2024/07/12,10:24,42.4457,-49.9567,Tetjana Ross,,DND/BIO,
4902660,AI2632-23CA005,300534064107010,ARVOR-I+O2,,2023/09/29,3:15,52.0660,-133.5610,Tetjana Ross,,IOS,
4902661,AI2632-23CA006,300534064006550,ARVOR-I+O2,,,,,,Tetjana Ross,,IOS,
4902662,AI2632-23CA007,300534064000550,ARVOR-I+O2,,2023/08/30,10:14,49.4498,-127.9490,Tetjana Ross,,IOS,
4902663,AI2632-23CA008,300534064101170,ARVOR-I+O2,,2023/08/12,17:23,48.8289,-128.7930,Tetjana Ross,,IOS,
4902664,AI2600-23CA008,300534063892280,ARVOR-I,,2024/02/06,17:11,-76.1249,-167.5818,Tetjana Ross,,IOS,
4902665,AI2600-23CA009,300534063792910,ARVOR-I,,2024/01/30,8:49,-78.2596,-171.3442,Tetjana Ross,,IOS,
4902666,AI2600-23CA010,300534063793390,ARVOR-I,,,,,,Tetjana Ross,,IOS,
4902667,AI2600-23CA011,300534063795430,ARVOR-I,,2024/02/06,18:26,-75.9450,-167.8320,Tetjana Ross,,IOS,
4902668,AI2600-23CA012,300534064001540,ARVOR-I,,2024/02/03,4:22,-76.3894,-159.0156,Tetjana Ross,,IOS,
4902669,AI2600-23CA013,300534064001530,ARVOR-I,,2024/02/06,16:07,-76.2898,-167.3679,Tetjana Ross,,IOS,
4902670,AI3500-23CA001,300534063999920,ARVOR-I-RBR,,2023/06/03,12:09,59.9554,-54.5440,Blair Greenan,,BIO,
4902671,AI3500-23CA002,300534063798900,ARVOR-I-RBR,,2023/06/03,12:21,59.9482,-54.5468,Blair Greenan,,BIO,
4902672,AI3500-23CA003,300534063792880,ARVOR-I-RBR,,,,,,Tetjana Ross,,IOS,
4902673,AI3500-23CA004,300534063895260,ARVOR-I-RBR,,,,,,Tetjana Ross,,IOS,
4902674,P41305-23CA001,300125010910310,PROVOR CTS4,,2024/10/14,22:21,42.4759,-61.4261,Blair Greenan,,BIO,
4902675,P41305-23CA002,300125010915310,PROVOR CTS4,,2024/06/06,0:33,59.5045,-55.0209,Blair Greenan,,BIO,
4902676,P41305-23CA003,300125010915300,PROVOR CTS4,,2024/04/27,21:23,43.4721,-57.5224,Blair Greenan,,BIO,
4902677,P41305-23CA004,300125010917310,PROVOR CTS4,,2024/06/06,0:35,59.5044,-55.0210,Blair Greenan,,BIO,
4902678,P41305-23CA005,300125010912280,PROVOR CTS4,,2024/10/16,15:19,43.2057,-57.5132,Blair Greenan,,BIO,
4902679,P44168-23CA001,300125010116590,PROVOR CTS4+SUNA,,2024/05/04,23:30,49.2800,-134.6700,Tetjana Ross,,IOS,
4902680,P44168-23CA002,300125061690470,PROVOR CTS4+SUNA,,2024/09/08,18:34,48.7559,-150.9489,Tetjana Ross,,IOS,
4902681,P44168-23CA003,300125010014550,PROVOR CTS4+SUNA,,,,,,Tetjana Ross,,IOS,
4902682,P44168-23CA004,300125010800840,PROVOR CTS4+SUNA,,,,,,Tetjana Ross,,IOS,
4902683,P44168-23CA005,300125061694570,PROVOR CTS4+SUNA,,,,,,Tetjana Ross,,IOS,
4902684,P53865-23CA001,300125062902880,PROVOR CTS5,,2023/12/03,23:32,56.9361,-52.8361,Katja Fennel,,Dal,
4902685,P53865-23CA002,300125062426150,PROVOR CTS5,,2023/12/12,16:36,56.9217,-51.6420,Katja Fennel,,Dal,
4902686,P53865-23CA003,300125062423120,PROVOR CTS5,,2024/05/13,22:40,56.5010,-52.5990,Katja Fennel,,Dal,
4902687,P53865-23CA004,300125062031400,PROVOR CTS5,,2024/05/17,14:59,56.6650,-48.9770,Katja Fennel,,Dal,
4902688,P53865-23CA005,300125062035430,PROVOR CTS5,,2024/05/22,15:42,58.4275,-49.4418,Katja Fennel,,Dal,
4902689,AI3500-20CA001,300534060123910,ARVOR-I-RBR,,2023/10/22,20:00,42.0780,-49.2770,Blair Greenan,,BIO,Refurbished float to be re-deployed under new WMO
4902690,P53875-23CA001,300125062909910,PROVOR CTS5+SUNA,,,,,,Roberta Hamme,,IOS,
4902691,P53875-23CA002,300125062907910,PROVOR CTS5+SUNA,,,,,,Roberta Hamme,,IOS,
4902692,AI2600-24CA001,300534064794170,ARVOR-I,,,,,,Blair Greenan,,,
4902693,AI2600-24CA002,300534064797180,ARVOR-I,,,,,,Blair Greenan,,,
4902694,AI2600-24CA003,300534064692390,ARVOR-I,,,,,,Blair Greenan,Margaret Brooke,,
4902695,AI2600-24CA004,300534064592830,ARVOR-I,,,,,,Blair Greenan,,,
4902696,AI2600-24CA005,300534064690430,ARVOR-I,,,,,,Blair Greenan,,,
4902697,AI2600-24CA006,300534064599850,ARVOR-I,,,,,,Blair Greenan,,,
4902698,AI2600-24CA007,300534064596830,ARVOR-I,,,,,,Blair Greenan,,,
4902699,AI2600-24CA008,300534064691430,ARVOR-I,,,,,,Blair Greenan,,,
4902700,AI2600-24CA009,300534064691390,ARVOR-I,,,,,,Blair Greenan,,,
4902701,AI2600-24CA010,300534064592810,ARVOR-I,,,,,,Blair Greenan,,,
4902702,AI2600-24CA011,300534063214380,ARVOR-I,,,,,,Blair Greenan,,,
4902703,AI2600-24CA012,300534064594850,ARVOR-I,,,,,,Blair Greenan,Margaret Brooke,,
4902704,AI2600-24CA013,300534064593840,ARVOR-I,,,,,,Blair Greenan,,,
4902705,10876,300125062496540,APEX-SBE,,,,,,Blair Greenan,,,
4902706,10877,300125062390780,APEX-SBE,,,,,,Blair Greenan,,,
4902707,10878,300125062398780,APEX-SBE,,,,,,Blair Greenan,,,
4902708,10879,300125062498550,APEX-SBE,,,,,,Blair Greenan,,,
4902709,10880,300125062396790,APEX-SBE,,,,,,Blair Greenan,,,
4902710,10881,300125062397690,APEX-SBE,,,,,,Blair Greenan,,,
4902711,10882,300125062391790,APEX-SBE,,,,,,Blair Greenan,,,
4902712,10883,300125062392780,APEX-RBR,,,,,,Blair Greenan,,,
4902713,10884,300125062397800,APEX-RBR,,,,,,Blair Greenan,,,
4902714,10885,300125062390760,APEX-RBR,,,,,,Blair Greenan,,,
4902715,10886,300125062399780,APEX-RBR,,,,,,Blair Greenan,,,
4902716,10887,300125062392800,APEX-RBR,,,,,,Blair Greenan,,,
4902717,10888,300125062393760,APEX-RBR,,,,,,Blair Greenan,,,
4902718,10889,300125062494580,APEX-RBR,,,,,,Blair Greenan,,,
